id,open,close,high,low,volume,Day,Month,Year
0,3952.1,3927.2,3973.2,3882.5,50207.34,06,09,2021
1,3885.3,3952.1,3982.0,3833.8,39134.52,05,09,2021
2,3938.1,3884.4,3969.8,3835.0,23300.34,04,09,2021
3,3787.6,3938.3,4027.9,3710.0,57443.89,03,09,2021
4,3826.5,3787.6,3837.0,3723.89,34933.13,02,09,2021
5,3431.1,3827.2,3840.9,3383.9,64484.45,01,09,2021
6,3229.7,3431.1,3474.0,3191.5,57253.97,31,08,2021
7,3225.9,3230.88,3349.0,3142.6,29276.99,30,08,2021
8,3246.0,3225.8,3289.4,3153.0,20425.02,29,08,2021
9,3275.9,3245.8,3286.7,3211.6,8712.72,28,08,2021
10,3092.7,3276.1,3282.2,3061.0,26150.1,27,08,2021
11,3227.8,3092.68,3252.5,3056.0,25319.48,26,08,2021
12,3171.3,3228.51,3248.8,3080.7,34952.0,25,08,2021
13,3323.4,3173.2,3359.1,3148.2,36027.62,24,08,2021
14,3240.7,3324.44,3380.3,3232.5,41708.35,23,08,2021
15,3225.0,3240.7,3275.0,3127.0,19611.01,22,08,2021
16,3287.9,3225.0,3310.0,3206.9,20223.13,21,08,2021
17,3185.9,3286.8,3303.1,3179.9,31862.34,20,08,2021
18,3015.4,3186.4,3188.3,2960.1,36892.43,19,08,2021
19,3012.9,3015.4,3124.0,2955.0,35131.61,18,08,2021
20,3147.4,3013.0,3291.4,2993.9,54078.16,17,08,2021
21,3311.1,3147.27,3340.1,3135.0,46982.31,16,08,2021
22,3265.3,3312.4,3322.7,3104.8,41579.28,15,08,2021
23,3325.1,3265.6,3332.73,3206.6,21315.08,14,08,2021
24,3047.9,3324.8,3329.7,3035.6,31174.05,13,08,2021
25,3160.1,3047.8,3237.9,2981.3,41101.53,12,08,2021
26,3141.7,3163.0,3272.2,3121.7,41851.95,11,08,2021
27,3164.4,3139.9,3232.7,3051.5,51144.56,10,08,2021
28,3009.77,3164.4,3187.54,2892.6,83221.56,09,08,2021
29,3157.9,3009.2,3187.0,2947.5,66503.56,08,08,2021
30,2891.9,3158.3,3172.0,2866.7,64894.2,07,08,2021
31,2829.3,2892.0,2947.6,2722.2,41137.15,06,08,2021
32,2725.3,2829.1,2844.1,2531.4,90002.02,05,08,2021
33,2510.0,2726.1,2773.6,2455.4,59044.55,04,08,2021
34,2607.8,2508.9,2632.6,2446.9,67177.18,03,08,2021
35,2556.6,2607.3,2667.3,2510.0,84616.43,02,08,2021
36,2530.0,2557.3,2697.0,2511.0,115325.26,01,08,2021
37,2462.9,2529.0,2550.9,2420.4,38391.59,31,07,2021
38,2384.0,2463.09,2471.2,2317.1,45196.47,30,07,2021
39,2300.5,2384.2,2403.9,2266.4,21642.87,29,07,2021
40,2301.6,2300.1,2346.47,2244.1,33143.94,28,07,2021
41,2229.3,2304.3,2319.3,2151.3,83188.89,27,07,2021
42,2193.0,2228.7,2431.52,2173.6,74771.37,26,07,2021
43,2187.5,2192.7,2199.1,2109.06,15274.08,25,07,2021
44,2126.4,2185.9,2200.8,2106.3,97055.34,24,07,2021
45,2026.0,2124.5,2130.7,1997.2,34957.35,23,07,2021
46,1995.8,2025.3,2048.9,1948.8,33065.86,22,07,2021
47,1788.2,1995.4,2037.0,1755.3,68776.65,21,07,2021
48,1820.8,1787.8,1842.2,1721.0,137810.11,20,07,2021
49,1893.7,1820.0,1919.8,1806.0,58416.5,19,07,2021
50,1900.77,1893.21,1993.7,1879.94,37432.26,18,07,2021
51,1878.1,1900.86,1920.6,1846.4,66806.36,17,07,2021
52,1919.77,1878.24,1967.0,1850.9,40932.02,16,07,2021
53,1967.1,1919.7,1978.9,1882.3,35862.62,15,07,2021
54,2166.66,2142.4,2186.9,2089.1,14723.18,30,06,2021
55,2083.8,2166.1,2243.4,2075.3,64296.55,29,06,2021
56,1985.7,2083.8,2147.5,1963.1,87128.78,28,06,2021
57,1832.6,1983.4,1985.7,1808.0,196687.98,27,06,2021
58,1807.9,1833.3,1851.2,1717.2,133328.99,26,06,2021
59,1990.4,1809.0,2019.9,1788.0,231083.24,25,06,2021
60,1970.3,1990.3,2032.1,1887.1,66451.14,24,06,2021
61,1883.6,1970.32,2045.4,1826.22,194020.35,23,06,2021
62,1894.0,1881.6,2005.33,1711.4,635945.29,22,06,2021
63,2246.6,1892.94,2263.9,1885.0,313577.7,21,06,2021
64,2168.1,2246.51,2282.0,2046.1,59395.62,20,06,2021
65,2234.6,2169.1,2279.5,2165.6,37061.03,19,06,2021
66,2372.1,2234.5,2377.4,2138.3,49215.23,18,06,2021
67,2367.4,2372.0,2460.5,2304.7,26621.04,17,06,2021
68,2542.0,2366.7,2555.79,2351.7,36211.62,16,06,2021
69,2581.1,2541.6,2640.3,2505.2,22267.38,15,06,2021
70,2509.1,2580.5,2604.1,2460.87,30669.68,14,06,2021
71,2372.2,2508.49,2550.4,2309.6,27340.29,13,06,2021
72,2353.9,2368.7,2456.48,2258.3,40740.37,12,06,2021
73,2470.96,2354.7,2497.75,2320.89,42908.51,11,06,2021
74,2609.0,2470.7,2623.0,2425.4,51748.36,10,06,2021
75,2508.3,2609.16,2623.2,2409.3,83288.72,09,06,2021
76,2590.5,2508.63,2620.0,2310.0,75172.98,08,06,2021
77,2711.4,2591.36,2846.87,2570.91,61109.71,07,06,2021
78,2628.2,2710.1,2744.0,2615.2,29688.03,06,06,2021
79,2691.1,2629.0,2815.9,2554.0,53948.35,05,06,2021
80,2855.9,2692.0,2858.66,2551.9,57816.37,04,06,2021
81,2704.1,2855.7,2889.8,2663.4,53284.21,03,06,2021
82,2633.9,2706.0,2801.7,2551.0,43366.61,02,06,2021
83,2706.64,2632.8,2738.9,2526.27,52134.56,01,06,2021
84,2381.1,2705.4,2719.0,2271.0,81828.45,31,05,2021
85,2272.7,2382.9,2466.9,2178.4,271168.99,30,05,2021
86,2409.3,2272.7,2574.3,2206.7,162715.51,29,05,2021
87,2740.9,2409.74,2759.1,2326.5,143239.3,28,05,2021
88,2888.97,2740.9,2890.56,2640.4,63949.66,27,05,2021
89,2708.0,2888.9,2915.4,2647.1,96502.96,26,05,2021
90,2647.7,2707.9,2751.66,2386.0,125630.91,25,05,2021
91,2097.22,2647.7,2675.0,2084.2,319829.98,24,05,2021
92,2302.87,2097.6,2388.71,1755.0,474084.49,23,05,2021
93,2439.8,2302.1,2495.0,2164.1,258416.73,22,05,2021
94,2772.06,2439.8,2940.8,2113.0,323298.17,21,05,2021
95,2446.5,2773.9,2989.9,2160.3,263296.63,20,05,2021
96,3378.6,2441.3,3442.9,2033.7,714855.3,19,05,2021
97,3283.5,3378.6,3563.8,3238.6,121126.94,18,05,2021
98,3594.3,3277.67,3598.8,3122.5,232909.15,17,05,2021
99,3652.9,3593.5,3887.9,3363.6,133616.9,16,05,2021
100,4082.3,3651.9,4136.4,3638.1,63656.63,15,05,2021
101,3723.3,4082.3,4171.7,3697.4,60724.16,14,05,2021
102,3819.2,3722.8,4038.2,3555.0,175652.5,13,05,2021
103,4172.7,3833.31,4373.0,3759.1,167378.24,12,05,2021
104,3945.1,4172.7,4177.2,3767.07,79257.96,11,05,2021
105,3926.9,3945.5,4207.6,3666.3,140582.32,10,05,2021
106,3910.9,3926.0,3980.0,3724.1,64066.68,09,05,2021
107,3482.2,3911.7,3953.2,3452.0,96491.33,08,05,2021
108,3491.7,3481.49,3586.8,3356.7,49192.62,07,05,2021
109,3410.4,3491.4,3599.0,3380.0,89208.94,06,05,2021
110,3241.9,3348.7,3409.9,3207.8,33480.38,05,05,2021
111,3429.65,3240.5,3524.0,3175.0,145833.0,04,05,2021
112,2949.7,3427.3,3445.0,2949.7,118168.96,03,05,2021
113,2944.0,2949.7,2981.4,2851.0,32282.38,02,05,2021
114,2769.4,2943.8,2950.5,2752.2,61256.63,01,05,2021
115,2758.3,2769.4,2798.7,2725.2,35472.54,30,04,2021
116,2718.2,2758.6,2796.1,2671.1,56500.37,29,04,2021
117,2536.9,2536.9,2536.9,2536.9,0.01,27,04,2021
118,2322.8,2537.0,2544.9,2306.3,69530.99,26,04,2021
119,2218.2,2322.8,2360.2,2167.6,92306.96,25,04,2021
120,2368.8,2218.6,2368.9,2162.1,68236.73,24,04,2021
121,2399.4,2367.9,2441.9,2111.3,192502.09,23,04,2021
122,2356.1,2399.3,2642.0,2305.2,195662.57,22,04,2021
123,2329.6,2356.7,2466.32,2236.38,139470.1,21,04,2021
124,2160.53,2329.9,2345.9,2055.0,141225.24,20,04,2021
125,2237.4,2160.0,2277.0,2077.8,74286.86,19,04,2021
126,2313.7,2237.1,2335.8,1926.0,235282.69,18,04,2021
127,2422.4,2313.6,2494.5,2310.5,66874.97,17,04,2021
128,2516.6,2422.5,2544.0,2298.6,101986.35,16,04,2021
129,2429.9,2516.4,2544.0,2397.2,73451.06,15,04,2021
130,2296.2,2429.9,2444.9,2281.1,83931.71,14,04,2021
131,2138.2,2296.7,2316.2,2137.1,93340.41,13,04,2021
132,2152.9,2138.2,2203.9,2101.9,50273.74,12,04,2021
133,2136.7,2152.8,2166.9,2115.6,34324.23,11,04,2021
134,2068.2,2136.1,2200.0,2059.1,74549.69,10,04,2021
135,2081.4,2067.4,2100.6,2051.8,66756.75,09,04,2021
136,1964.5,2081.4,2084.0,1950.0,31837.68,08,04,2021
137,2113.0,1964.9,2127.9,1930.0,74396.2,07,04,2021
138,2108.3,2112.1,2151.3,2042.1,58643.02,06,04,2021
139,2077.5,2107.4,2131.6,1998.7,66310.69,05,04,2021
140,2007.1,2077.4,2092.0,1979.6,42193.19,04,04,2021
141,2132.9,2007.6,2137.6,2001.0,75406.33,03,04,2021
142,1967.8,2133.1,2142.7,1948.8,86037.83,02,04,2021
143,1919.3,1967.8,1982.0,1888.0,62088.8,01,04,2021
144,1843.9,1919.3,1948.52,1772.3,63264.23,31,03,2021
145,1818.2,1843.9,1861.0,1788.7,29348.37,30,03,2021
146,1686.2,1818.2,1839.0,1677.1,69624.0,29,03,2021
147,1713.8,1687.2,1727.7,1662.2,18450.37,28,03,2021
148,1698.5,1713.9,1733.8,1667.4,24907.95,27,03,2021
149,1587.7,1698.5,1699.0,1587.7,69193.5,26,03,2021
150,1585.8,1587.6,1620.5,1548.3,90389.42,25,03,2021
151,1668.4,1585.8,1740.9,1546.0,162096.65,24,03,2021
152,1682.0,1669.1,1720.4,1650.6,32883.79,23,03,2021
153,1784.6,1682.0,1808.29,1656.0,99602.18,22,03,2021
154,1803.9,1784.3,1815.9,1745.26,105079.19,21,03,2021
155,1809.2,1804.6,1871.97,1801.0,27034.77,20,03,2021
156,1776.4,1809.8,1842.02,1733.3,41962.45,19,03,2021
157,1821.9,1775.3,1849.2,1759.34,38170.55,18,03,2021
158,1805.8,1821.7,1833.9,1741.8,237317.19,17,03,2021
159,1796.7,1805.0,1824.2,1723.2,176198.97,16,03,2021
160,1847.97,1796.0,1889.9,1735.6,210988.98,15,03,2021
161,1922.9,1847.97,1933.0,1840.0,52914.92,14,03,2021
162,1768.7,1921.9,1943.6,1730.0,91402.49,13,03,2021
163,1829.9,1768.7,1845.7,1720.8,76597.9,12,03,2021
164,1797.6,1829.9,1849.9,1730.9,70060.34,11,03,2021
165,1873.3,1796.8,1879.2,1761.1,128663.08,10,03,2021
166,1833.4,1873.3,1873.3,1801.0,65973.49,09,03,2021
167,1726.3,1833.6,1841.8,1666.6,81095.54,08,03,2021
168,1650.2,1727.9,1734.0,1632.7,51190.33,07,03,2021
169,1533.2,1650.6,1670.7,1514.1,267428.94,06,03,2021
170,1540.9,1531.7,1551.0,1445.1,126631.0,05,03,2021
171,1570.2,1539.28,1626.6,1507.4,115151.7,04,03,2021
172,1489.1,1570.0,1658.0,1478.1,72733.75,03,03,2021
173,1569.9,1489.7,1601.0,1457.8,110386.9,02,03,2021
174,1423.8,1569.8,1571.3,1413.9,178355.3,01,03,2021
175,1459.2,1424.4,1471.3,1296.5,170989.99,28,02,2021
176,1444.3,1460.9,1527.1,1427.9,78150.97,27,02,2021
177,1485.3,1446.2,1561.8,1400.1,259820.31,26,02,2021
178,1624.2,1485.8,1672.3,1460.2,170995.66,25,02,2021
179,1576.6,1624.4,1709.4,1499.1,219384.71,24,02,2021
180,1775.9,1577.0,1779.8,1360.1,467317.9,23,02,2021
181,1933.0,1774.2,1934.9,1550.0,268133.99,22,02,2021
182,1911.1,1932.9,1978.7,1882.1,79849.2,21,02,2021
183,1955.7,1911.7,2036.8,1780.0,194848.53,20,02,2021
184,1938.2,1955.41,1971.1,1891.1,129221.58,19,02,2021
185,1848.7,1937.5,1948.85,1848.7,71896.24,18,02,2021
186,1783.71,1848.7,1856.9,1735.3,81646.32,17,02,2021
187,1778.5,1784.6,1828.3,1725.0,106270.69,16,02,2021
188,1802.1,1779.43,1837.13,1649.0,166031.08,15,02,2021
189,1816.8,1801.2,1853.3,1781.3,57058.21,14,02,2021
190,1842.5,1814.8,1874.1,1762.08,79361.27,13,02,2021
191,1787.1,1842.4,1865.1,1740.0,123141.85,12,02,2021
192,1742.5,1787.7,1821.9,1705.0,92092.08,11,02,2021
193,1771.8,1742.1,1838.7,1678.1,179636.24,10,02,2021
194,1755.0,1771.9,1826.9,1710.64,202575.84,09,02,2021
195,1613.4,1754.85,1784.2,1563.4,252210.27,08,02,2021
196,1677.0,1612.0,1692.7,1486.8,179051.7,07,02,2021
197,1717.5,1676.9,1742.7,1646.6,118750.82,06,02,2021
198,1596.2,1717.7,1760.0,1590.8,227509.3,05,02,2021
199,1662.5,1595.1,1695.8,1559.0,193599.59,04,02,2021
200,1515.8,1663.1,1667.1,1512.4,238854.74,03,02,2021
201,1376.3,1515.7,1550.0,1363.4,219566.58,02,02,2021
202,1313.6,1375.9,1378.9,1271.0,105346.1,01,02,2021
203,1379.7,1314.23,1381.8,1284.1,117897.89,31,01,2021
204,1381.18,1379.7,1408.3,1325.3,117105.79,30,01,2021
205,1328.78,1379.1,1443.0,1286.6,535380.49,29,01,2021
206,1240.4,1328.6,1361.3,1220.5,370296.41,28,01,2021
207,1367.0,1239.9,1374.9,1209.0,444993.29,27,01,2021
208,1317.4,1367.57,1378.2,1246.9,388125.57,26,01,2021
209,1395.4,1317.9,1480.0,1295.0,317531.87,25,01,2021
210,1233.6,1394.5,1400.0,1220.8,313524.44,24,01,2021
211,1235.7,1233.5,1275.0,1197.8,109140.5,23,01,2021
212,1111.5,1235.9,1276.0,1048.9,442308.31,22,01,2021
213,1378.25,1111.8,1389.0,1084.1,457126.45,21,01,2021
214,1366.0,1378.1,1409.3,1234.0,259022.03,20,01,2021
215,1261.7,1367.39,1439.8,1254.43,307266.79,19,01,2021
216,1235.2,1261.0,1263.2,1184.5,115185.06,18,01,2021
217,1228.9,1235.2,1273.09,1163.4,151161.88,17,01,2021
218,1167.6,1228.9,1295.01,1152.1,180684.31,16,01,2021
219,1231.4,1167.7,1255.0,1072.0,244723.55,15,01,2021
220,1128.1,1229.88,1245.9,1086.0,249984.18,14,01,2021
221,1051.7,1128.1,1135.4,987.44,241838.92,13,01,2021
222,1087.0,1052.3,1150.5,1009.1,275542.81,12,01,2021
223,1255.9,1087.0,1261.18,923.0,775273.94,11,01,2021
224,1279.4,1256.1,1351.0,1170.0,262351.5,10,01,2021
225,1214.6,1278.9,1306.8,1171.0,181106.46,09,01,2021
226,1221.5,1214.2,1274.9,1060.8,252723.47,08,01,2021
227,1209.4,1221.6,1290.0,1143.3,284948.25,07,01,2021
228,1102.5,1209.4,1213.3,1058.9,965577.25,06,01,2021
229,1041.2,1101.6,1134.1,968.29,378135.29,05,01,2021
230,976.86,1042.6,1159.4,860.0,725975.98,04,01,2021
231,774.82,977.47,1009.4,769.9,528911.81,03,01,2021
232,729.46,774.21,786.36,714.89,137274.82,02,01,2021
233,736.22,729.46,749.13,716.2,59183.05,01,01,2021
234,752.54,735.88,755.28,713.42,79273.55,31,12,2020
235,730.31,752.25,757.67,716.52,89535.52,30,12,2020
236,729.51,730.17,739.68,689.07,100962.78,29,12,2020
237,684.06,729.51,747.15,680.96,189188.34,28,12,2020
238,635.86,684.34,711.0,622.14,261659.62,27,12,2020
239,627.91,635.5,650.53,615.01,115498.74,26,12,2020
240,612.56,627.51,634.6,580.0,98507.03,25,12,2020
241,584.71,612.67,615.0,565.12,68570.05,24,12,2020
242,636.18,584.91,637.19,547.8,154243.47,23,12,2020
243,607.61,636.19,636.8,586.43,77327.15,22,12,2020
244,636.9,607.39,647.65,593.62,133732.34,21,12,2020
245,657.91,637.14,660.5,620.4,77629.14,20,12,2020
246,654.72,657.91,670.68,645.21,70008.55,19,12,2020
247,641.99,654.19,664.71,628.38,69948.31,18,12,2020
248,636.45,641.74,674.0,625.82,322839.3,17,12,2020
249,589.65,636.3,637.45,581.6,177259.79,16,12,2020
250,586.52,589.64,598.12,579.39,42533.25,15,12,2020
251,591.19,586.52,592.07,576.22,23374.66,14,12,2020
252,568.1,591.1,595.84,563.58,46853.14,13,12,2020
253,544.96,568.24,574.05,543.9,33189.45,12,12,2020
254,559.23,544.93,560.7,535.45,60768.29,11,12,2020
255,573.61,559.02,575.61,548.72,36929.66,10,12,2020
256,554.89,573.64,589.0,532.01,86444.13,09,12,2020
257,592.02,555.03,595.71,550.15,56939.78,08,12,2020
258,602.69,591.82,603.8,584.78,37365.83,07,12,2020
259,597.54,602.69,607.19,583.42,49687.73,06,12,2020
260,567.15,597.21,598.0,558.86,55935.62,05,12,2020
261,616.42,567.66,620.61,565.08,168950.44,04,12,2020
262,597.88,616.66,624.5,586.38,80474.9,03,12,2020
263,587.03,598.0,606.26,575.89,80671.02,02,12,2020
264,616.0,587.03,636.33,562.48,329184.7,01,12,2020
265,576.37,616.0,616.0,570.04,162052.83,30,11,2020
266,538.08,576.37,576.68,531.2,55396.2,29,11,2020
267,519.54,538.14,548.29,507.88,51930.68,28,11,2020
268,521.69,519.55,533.08,495.25,108385.36,27,11,2020
269,569.5,521.5,577.26,483.43,376086.28,26,11,2020
270,604.18,569.6,605.0,555.05,99477.6,25,11,2020
271,608.42,604.11,621.47,587.73,166709.09,24,11,2020
272,558.0,608.32,609.53,549.6,228933.44,23,11,2020
273,551.42,558.0,579.8,512.0,250240.43,22,11,2020
274,510.05,551.19,551.69,502.2,194450.2,21,11,2020
275,471.44,510.3,513.74,470.86,142063.33,20,11,2020
276,478.56,471.58,480.85,463.34,39368.14,19,11,2020
277,482.52,478.46,495.07,457.5,203343.41,18,11,2020
278,460.66,482.51,484.36,460.23,86360.99,17,11,2020
279,448.42,460.45,466.28,446.05,47303.61,16,11,2020
280,460.54,448.5,462.65,440.26,57120.34,15,11,2020
281,476.3,460.53,477.27,451.8,70908.36,14,11,2020
282,462.45,476.13,477.0,457.15,88925.73,13,11,2020
283,463.81,462.37,471.15,451.99,84495.08,12,11,2020
284,450.59,463.81,476.86,449.75,101448.77,11,11,2020
285,444.54,450.65,455.41,439.27,45759.75,10,11,2020
286,455.02,444.53,459.09,434.17,70622.83,09,11,2020
287,435.95,455.09,460.26,432.88,67797.44,08,11,2020
288,455.65,435.96,467.75,426.3,234635.88,07,11,2020
289,416.4,455.59,457.7,414.56,147651.82,06,11,2020
290,402.78,416.16,420.0,395.14,119086.58,05,11,2020
291,388.31,402.69,408.92,376.83,91652.48,04,11,2020
292,383.33,388.17,390.29,370.52,41414.45,03,11,2020
293,396.7,383.35,404.91,377.86,67271.4,02,11,2020
294,386.33,396.56,397.49,384.68,27518.64,01,11,2020
295,382.91,386.47,394.28,380.78,41095.13,31,10,2020
296,386.9,382.9,392.22,373.2,45336.67,30,10,2020
297,388.47,387.06,393.71,380.5,31173.89,29,10,2020
298,403.22,388.39,409.45,380.5,61360.4,28,10,2020
299,392.81,403.02,409.78,390.21,58004.06,27,10,2020
300,405.97,392.68,411.56,382.2,94828.97,26,10,2020
301,412.54,406.09,417.82,403.55,33116.7,25,10,2020
302,409.58,412.49,417.0,406.93,39313.58,24,10,2020
303,414.3,409.58,419.77,402.09,62251.4,23,10,2020
304,391.28,414.31,421.29,391.27,149342.61,22,10,2020
305,368.79,391.37,401.41,368.11,133501.21,21,10,2020
306,379.63,368.8,381.12,365.0,59090.13,20,10,2020
307,378.75,379.63,384.5,373.05,35175.46,19,10,2020
308,368.68,378.74,379.05,367.87,30160.78,18,10,2020
309,365.82,368.77,371.0,363.65,23536.19,17,10,2020
310,377.9,365.75,380.2,361.47,59268.26,16,10,2020
311,379.37,377.96,382.79,370.42,33549.13,15,10,2020
312,381.74,379.41,388.47,373.51,37694.88,14,10,2020
313,387.39,381.77,388.31,375.21,37598.72,13,10,2020
314,374.65,387.57,395.8,365.94,78930.83,12,10,2020
315,371.11,374.5,378.0,369.51,17461.52,11,10,2020
316,365.71,371.17,379.0,365.62,37583.99,10,10,2020
317,351.63,365.7,369.0,348.09,39246.61,09,10,2020
318,342.31,351.5,353.97,334.41,65270.06,08,10,2020
319,341.09,342.35,343.3,333.25,52531.46,07,10,2020
320,354.39,341.09,355.84,337.37,48453.42,06,10,2020
321,352.97,354.23,356.77,349.29,20517.82,05,10,2020
322,346.51,352.96,354.98,344.56,25135.19,04,10,2020
323,346.24,346.51,351.64,344.44,20357.86,03,10,2020
324,353.09,346.03,354.9,335.0,87052.32,02,10,2020
325,360.45,353.48,371.2,345.85,62726.31,01,10,2020
326,360.68,360.28,361.99,352.34,20323.97,30,09,2020
327,354.48,360.61,361.33,351.14,25004.1,29,09,2020
328,358.62,354.55,368.59,352.71,56652.71,28,09,2020
329,354.91,358.46,363.0,347.6,55479.54,27,09,2020
330,352.62,354.63,357.14,346.46,34491.84,26,09,2020
331,349.6,352.65,358.65,338.25,64671.21,25,09,2020
332,321.37,349.5,353.85,317.52,130585.78,24,09,2020
333,344.72,321.26,345.15,313.81,112650.96,23,09,2020
334,341.0,344.65,347.43,335.91,51984.58,22,09,2020
335,371.63,340.78,377.59,332.1,152572.75,21,09,2020
336,386.16,371.75,386.34,366.25,92157.66,20,09,2020
337,384.99,386.16,389.3,378.01,23994.75,19,09,2020
338,389.99,384.99,393.0,375.78,42757.58,18,09,2020
339,365.71,390.1,394.94,363.94,92448.49,17,09,2020
340,364.4,365.69,374.4,355.8,54745.31,16,09,2020
341,377.44,364.46,382.96,362.76,47576.31,15,09,2020
342,366.25,377.43,385.0,356.28,73477.78,14,09,2020
343,388.1,366.25,391.23,354.01,79169.56,13,09,2020
344,374.14,388.1,388.99,365.15,59788.64,12,09,2020
345,368.38,374.19,375.94,356.11,76626.8,11,09,2020
346,351.58,368.39,378.34,351.0,96986.6,10,09,2020
347,338.0,351.4,359.72,331.55,65347.45,09,09,2020
348,354.33,338.0,357.52,326.0,100290.22,08,09,2020
349,353.37,354.34,359.25,324.23,111292.82,07,09,2020
350,336.0,353.28,360.99,317.2,140598.87,06,09,2020
351,386.36,336.02,395.61,310.38,326912.25,05,09,2020
352,382.06,386.35,400.8,355.5,167876.33,04,09,2020
353,439.97,382.0,450.7,371.57,313250.89,03,09,2020
354,475.98,439.9,482.03,417.9,209139.06,02,09,2020
355,434.48,476.19,488.85,430.2,200832.16,01,09,2020
356,429.64,434.61,440.16,418.44,65735.18,31,08,2020
357,399.19,429.93,430.0,399.03,75797.67,30,08,2020
358,395.87,399.29,406.58,392.42,50935.11,29,08,2020
359,383.7,395.94,398.97,380.66,42328.61,28,08,2020
360,386.28,383.42,398.0,371.7,70561.63,27,08,2020
361,383.61,386.01,393.52,377.8,43314.97,26,08,2020
362,408.22,383.69,409.2,370.5,99124.86,25,08,2020
363,391.1,408.4,410.69,388.08,49970.3,24,08,2020
364,395.83,391.22,397.49,384.14,22386.49,23,08,2020
365,388.05,395.87,397.48,380.06,52196.05,22,08,2020
366,416.58,388.09,419.22,385.5,85785.51,21,08,2020
367,408.62,416.79,419.61,402.42,70408.1,20,08,2020
368,422.2,408.67,427.11,396.0,152525.41,19,08,2020
369,431.61,422.2,434.85,413.71,76401.8,18,08,2020
370,434.55,431.61,448.47,421.05,144814.21,17,08,2020
371,433.15,434.32,437.48,412.82,56047.4,16,08,2020
372,438.29,432.93,443.4,426.1,57669.07,15,08,2020
373,425.55,438.18,444.0,418.5,135316.08,14,08,2020
374,388.58,425.24,431.99,376.62,178795.69,13,08,2020
375,378.59,388.4,389.74,366.0,57782.2,12,08,2020
376,395.86,378.95,398.4,365.75,95794.32,11,08,2020
377,390.19,395.87,400.4,385.02,79101.58,10,08,2020
378,396.96,390.06,400.24,382.45,60886.11,09,08,2020
379,378.86,396.88,397.0,375.9,43688.28,08,08,2020
380,394.7,379.03,398.0,362.28,157995.75,07,08,2020
381,400.73,394.7,403.3,390.5,55052.34,06,08,2020
382,389.63,400.85,408.83,383.52,109152.04,05,08,2020
383,385.77,389.6,401.74,380.5,121214.14,04,08,2020
384,372.06,385.68,397.66,366.79,126895.58,03,08,2020
385,387.03,371.87,415.0,320.0,322415.94,02,08,2020
386,346.82,387.15,392.24,343.46,214176.39,01,08,2020
387,335.55,346.82,348.8,329.08,145813.03,31,07,2020
388,318.45,335.43,342.37,314.52,89569.82,30,07,2020
389,317.46,318.46,326.89,312.89,118379.73,29,07,2020
390,322.34,317.51,327.5,306.0,123435.46,28,07,2020
391,311.88,322.31,333.45,310.94,280969.82,27,07,2020
392,305.83,311.62,321.0,300.19,159414.61,26,07,2020
393,279.91,305.87,309.12,279.91,175225.9,25,07,2020
394,275.56,279.85,287.78,268.44,119429.57,24,07,2020
395,264.72,275.78,280.84,260.41,146673.91,23,07,2020
396,246.04,264.63,270.55,242.2,108885.07,22,07,2020
397,236.45,246.0,247.34,236.18,68514.67,21,07,2020
398,239.68,236.43,240.31,234.67,23613.23,20,07,2020
399,236.13,239.58,240.53,233.67,21304.89,19,07,2020
400,233.05,236.19,237.09,232.6,13382.57,18,07,2020
401,234.0,233.18,234.86,232.43,17638.85,17,07,2020
402,238.97,233.96,239.52,229.35,79257.22,16,07,2020
403,240.62,238.94,241.61,237.33,19682.48,15,07,2020
404,239.9,240.56,242.31,237.3,21865.29,14,07,2020
405,243.33,239.9,245.62,237.86,37626.85,13,07,2020
406,239.71,243.08,244.5,237.06,32454.36,12,07,2020
407,241.58,239.47,242.07,237.7,17564.74,11,07,2020
408,242.37,241.55,242.38,235.5,28116.21,10,07,2020
409,247.45,242.4,248.0,238.16,56876.21,09,07,2020
410,239.7,247.35,249.2,238.42,59683.95,08,07,2020
411,242.15,239.63,244.0,234.87,59136.13,07,07,2020
412,227.95,242.13,242.38,227.22,64868.37,06,07,2020
413,229.59,227.94,229.94,223.54,21488.44,05,07,2020
414,225.21,229.6,230.97,224.78,14909.31,04,07,2020
415,226.52,225.33,228.39,224.46,12221.42,03,07,2020
416,231.2,226.57,232.39,223.0,44643.23,02,07,2020
417,225.88,231.31,233.21,224.64,35672.82,01,07,2020
418,228.07,225.8,228.85,223.2,16393.43,30,06,2020
419,225.12,228.05,230.0,221.36,30402.24,29,06,2020
420,221.03,225.32,228.04,218.0,37466.86,28,06,2020
421,229.94,221.13,231.24,216.0,56790.21,27,06,2020
422,232.69,229.82,233.61,227.66,34464.89,26,06,2020
423,234.81,232.69,235.58,227.65,54625.05,25,06,2020
424,243.49,234.77,249.77,230.98,90945.5,24,06,2020
425,243.49,243.49,245.46,241.04,46541.66,23,06,2020
426,227.8,243.41,247.0,227.49,124084.25,22,06,2020
427,229.23,227.8,231.71,227.3,23279.83,21,06,2020
428,229.14,229.23,230.87,225.59,27027.39,20,06,2020
429,231.51,229.09,231.98,226.36,29124.8,19,06,2020
430,234.16,231.69,234.87,227.86,19649.02,18,06,2020
431,235.64,234.23,237.85,228.22,53635.59,17,06,2020
432,231.14,235.69,236.0,228.96,44629.58,16,06,2020
433,231.9,231.13,233.83,218.2,106446.67,15,06,2020
434,238.48,231.9,238.78,229.9,76662.22,14,06,2020
435,237.65,238.48,238.91,233.89,37206.89,13,06,2020
436,230.32,237.65,239.4,228.45,54853.53,12,06,2020
437,248.42,230.41,250.48,225.96,152667.28,11,06,2020
438,243.88,248.14,250.53,241.57,71269.22,10,06,2020
439,246.52,243.85,249.97,238.18,47857.53,09,06,2020
440,244.83,246.6,247.9,241.28,27713.72,08,06,2020
441,242.1,244.73,245.51,234.81,57612.55,07,06,2020
442,240.01,242.18,244.64,238.0,30102.38,06,06,2020
443,243.39,240.02,248.0,239.1,40887.38,05,06,2020
444,244.85,243.43,246.53,236.14,67013.99,04,06,2020
445,237.75,244.83,245.1,233.32,50926.07,03,06,2020
446,248.83,237.61,253.69,225.3,170446.73,02,06,2020
447,231.34,248.82,251.74,230.5,100191.56,01,06,2020
448,243.64,231.53,245.3,229.9,73020.47,31,05,2020
449,220.54,243.58,247.0,219.0,151520.38,30,05,2020
450,220.59,220.55,224.91,217.8,55332.22,29,05,2020
451,208.6,220.65,221.01,204.77,59389.07,28,05,2020
452,201.26,208.55,208.55,201.03,46266.15,27,05,2020
453,204.07,201.23,205.0,196.7,32663.1,26,05,2020
454,199.61,204.07,205.71,198.0,31014.21,25,05,2020
455,206.65,199.51,210.89,199.51,74239.84,24,05,2020
456,207.49,206.82,211.5,204.57,30862.34,23,05,2020
457,198.54,207.51,209.29,196.26,56284.8,22,05,2020
458,209.68,198.54,211.47,191.7,137594.16,21,05,2020
459,214.51,209.63,215.64,205.96,104025.16,20,05,2020
460,214.59,214.49,215.68,209.11,54246.24,19,05,2020
461,206.9,214.56,217.0,206.9,85547.25,18,05,2020
462,200.47,206.9,210.0,199.79,68507.73,17,05,2020
463,194.59,200.46,203.61,193.36,41915.31,16,05,2020
464,203.45,194.6,204.2,191.57,56792.1,15,05,2020
465,199.92,203.23,206.0,195.93,64417.83,14,05,2020
466,189.77,199.89,201.33,188.46,60698.7,13,05,2020
467,185.59,189.77,192.41,185.57,62645.17,12,05,2020
468,187.64,185.6,193.68,175.72,132290.09,11,05,2020
469,209.88,187.71,209.88,179.44,495328.91,10,05,2020
470,211.25,209.94,214.65,208.33,53652.04,09,05,2020
471,212.24,211.34,217.12,206.77,89447.21,08,05,2020
472,198.94,212.19,215.6,196.78,133181.01,07,05,2020
473,205.32,198.96,211.02,198.09,72600.09,06,05,2020
474,206.59,205.4,212.1,201.28,95247.19,05,05,2020
475,209.87,206.73,210.7,195.0,130061.38,04,05,2020
476,214.09,209.91,219.51,204.11,100773.91,03,05,2020
477,211.69,214.12,215.61,210.32,42865.38,02,05,2020
478,206.34,211.7,217.73,206.34,86684.74,01,05,2020
479,215.31,206.39,226.82,201.92,226412.86,30,04,2020
480,196.63,215.3,218.67,196.46,196059.99,29,04,2020
481,196.63,196.55,197.76,192.06,54669.35,28,04,2020
482,197.49,196.63,198.98,189.6,96540.79,27,04,2020
483,194.12,197.5,199.68,192.53,87305.72,26,04,2020
484,187.71,194.26,198.0,185.99,114640.99,25,04,2020
485,185.84,187.68,189.99,185.5,61459.67,24,04,2020
486,182.99,185.84,194.86,178.49,153389.02,23,04,2020
487,170.79,183.0,184.34,170.05,97144.82,22,04,2020
488,170.51,170.79,174.74,168.25,66859.63,21,04,2020
489,180.44,170.58,186.74,166.64,200655.12,20,04,2020
490,187.86,180.59,188.73,176.82,96337.76,19,04,2020
491,171.24,187.87,189.89,171.14,115049.88,18,04,2020
492,172.54,171.27,175.24,168.75,82151.8,17,04,2020
493,153.01,172.5,175.29,148.59,195432.41,16,04,2020
494,158.55,153.0,161.4,152.35,60359.65,15,04,2020
495,156.64,158.54,161.98,155.35,69656.44,14,04,2020
496,158.92,156.64,159.28,149.45,109635.53,13,04,2020
497,158.69,159.04,166.07,155.4,78692.48,12,04,2020
498,158.1,158.7,161.5,154.37,61838.36,11,04,2020
499,170.01,158.11,170.2,152.62,543862.89,10,04,2020
500,173.29,170.0,173.68,165.13,67552.31,09,04,2020
501,164.89,173.16,174.6,163.73,90250.11,08,04,2020
502,171.39,164.9,176.0,162.42,169113.91,07,04,2020
503,142.95,171.38,172.06,142.94,201537.76,06,04,2020
504,144.62,142.98,146.24,140.65,38904.5,05,04,2020
505,141.59,144.53,146.57,139.17,46463.2,04,04,2020
506,141.8,141.58,147.0,138.01,58044.42,03,04,2020
507,136.46,141.8,150.51,135.85,154663.22,02,04,2020
508,133.12,136.45,137.64,129.22,62454.91,01,04,2020
509,132.32,133.2,135.5,130.63,33039.47,31,03,2020
510,124.78,132.25,135.68,124.52,85235.77,30,03,2020
511,131.24,124.76,132.19,123.85,82246.07,29,03,2020
512,131.2,131.23,133.26,125.0,101997.73,28,03,2020
513,138.76,131.23,142.08,129.7,85872.51,27,03,2020
514,136.15,138.76,139.89,133.01,50660.42,26,03,2020
515,138.76,136.16,142.73,131.71,81026.33,25,03,2020
516,136.45,138.84,143.83,133.08,110668.94,24,03,2020
517,122.29,136.48,138.23,119.58,168033.27,23,03,2020
518,132.75,122.3,137.21,121.0,119183.28,22,03,2020
519,133.52,132.84,137.71,126.0,113482.38,21,03,2020
520,136.49,133.51,153.72,115.64,354452.95,20,03,2020
521,118.66,136.5,143.28,115.77,325071.69,19,03,2020
522,116.3,118.64,119.07,110.47,104131.97,18,03,2020
523,111.81,116.3,122.0,110.0,125818.74,17,03,2020
524,124.34,111.76,124.5,101.2,335025.21,16,03,2020
525,123.38,124.25,134.69,120.5,153042.23,15,03,2020
526,135.22,123.54,135.73,121.61,137660.59,14,03,2020
527,109.29,135.34,145.0,89.66,900897.31,13,03,2020
528,195.58,109.28,196.53,101.59,1629781.63,12,03,2020
529,201.32,195.6,203.69,183.0,151046.88,11,03,2020
530,203.55,201.13,207.0,196.77,128416.14,10,03,2020
531,200.2,203.72,209.53,191.3,293862.93,09,03,2020
532,238.18,200.2,238.19,196.39,273642.6,08,03,2020
533,246.02,238.11,252.99,237.07,99307.67,07,03,2020
534,229.36,246.09,246.1,228.18,82806.78,06,03,2020
535,225.1,229.4,235.18,225.1,70893.36,05,03,2020
536,224.66,225.1,229.42,221.32,68366.32,04,03,2020
537,232.55,224.33,233.64,220.57,69684.61,03,03,2020
538,218.57,232.52,235.34,216.73,88651.3,02,03,2020
539,218.28,218.57,228.71,213.01,113803.99,01,03,2020
540,227.82,218.15,233.5,218.1,69962.32,29,02,2020
541,227.53,228.43,234.92,214.1,125057.17,28,02,2020
542,224.1,227.52,238.0,210.78,192394.75,27,02,2020
543,247.36,224.11,250.66,216.0,348715.46,26,02,2020
544,265.92,247.36,266.37,245.28,147039.4,25,02,2020
545,275.59,265.97,278.19,254.9,155157.31,24,02,2020
546,262.13,275.59,276.2,261.49,86210.13,23,02,2020
547,265.5,262.14,266.68,256.3,44424.68,22,02,2020
548,257.44,265.43,268.3,254.0,92520.85,21,02,2020
549,258.5,257.67,263.84,245.28,158343.02,20,02,2020
550,283.0,258.56,287.0,250.5,156048.02,19,02,2020
551,268.2,283.0,286.31,259.71,172278.55,18,02,2020
552,258.99,268.16,268.29,243.01,200745.73,17,02,2020
553,264.93,259.01,273.65,237.99,231276.09,16,02,2020
554,284.98,264.96,287.32,264.0,197548.33,15,02,2020
555,268.16,284.97,286.44,260.24,130107.33,14,02,2020
556,265.54,268.3,276.02,255.42,166143.49,13,02,2020
557,237.02,265.49,273.73,237.02,247433.58,12,02,2020
558,223.14,237.24,239.0,218.24,66566.35,11,02,2020
559,228.33,223.14,229.21,216.1,89646.47,10,02,2020
560,222.64,228.23,230.0,222.55,70858.48,09,02,2020
561,223.03,222.69,227.59,212.77,92548.18,08,02,2020
562,212.6,223.11,223.95,212.6,131027.04,07,02,2020
563,203.78,212.59,216.0,201.02,97268.62,06,02,2020
564,189.06,203.79,207.99,188.29,112612.97,05,02,2020
565,190.19,189.06,191.76,184.79,32832.63,04,02,2020
566,188.85,190.41,195.81,186.95,52546.73,03,02,2020
567,184.07,188.69,194.0,179.6,73836.71,02,02,2020
568,180.27,184.07,184.47,179.63,62116.26,01,02,2020
569,184.49,180.08,185.5,175.21,40934.66,31,01,2020
570,173.75,184.62,186.75,171.09,86590.51,30,01,2020
571,175.98,173.81,178.78,173.34,31179.82,29,01,2020
572,170.14,175.99,177.01,170.14,49565.07,28,01,2020
573,168.16,170.14,172.06,165.45,64445.55,27,01,2020
574,160.47,168.16,169.39,159.56,62744.58,26,01,2020
575,162.69,160.47,162.73,157.82,14482.74,25,01,2020
576,162.73,162.71,164.42,155.76,30789.58,24,01,2020
577,167.7,162.92,167.7,159.07,37895.55,23,01,2020
578,169.33,167.7,171.32,165.65,18010.56,22,01,2020
579,166.87,169.33,169.99,164.89,27029.71,21,01,2020
580,166.73,166.86,169.0,161.05,33711.79,20,01,2020
581,173.59,166.84,177.56,161.21,84549.49,19,01,2020
582,169.19,173.58,178.97,165.0,90529.09,18,01,2020
583,164.01,169.22,174.0,161.09,104133.03,17,01,2020
584,166.11,164.03,167.11,158.3,66631.6,16,01,2020
585,164.99,166.05,171.16,159.0,132483.11,15,01,2020
586,143.49,164.98,170.0,143.49,213402.38,14,01,2020
587,146.35,143.46,147.59,142.24,25706.78,13,01,2020
588,142.41,146.34,146.35,141.54,22576.92,12,01,2020
589,144.59,142.48,147.76,142.02,36471.32,11,01,2020
590,137.68,144.57,144.96,135.34,41587.2,10,01,2020
591,140.5,137.72,141.32,135.33,28758.44,09,01,2020
592,142.95,140.5,147.98,137.3,65425.83,08,01,2020
593,144.12,143.09,144.99,139.05,49491.75,07,01,2020
594,135.55,144.18,144.27,135.09,66606.88,06,01,2020
595,134.55,135.6,138.45,134.42,45995.47,05,01,2020
596,134.92,134.49,136.35,133.12,23569.04,04,01,2020
597,127.56,134.83,135.81,126.36,76522.13,03,01,2020
598,130.9,127.56,130.92,126.84,46991.53,02,01,2020
599,129.29,130.94,133.24,128.9,37253.12,01,01,2020
